{
  "username": "--secure--",
  "key": "--secure--",
  "test_path": "js/tests/index.html",
  "debug": true,
  "browsers": [
    {
      "browser": "firefox",
      "browser_version": "latest",
      "os": "OS X",
      "os_version": "Mavericks"
    },
    {
      "browser": "safari",
      "browser_version": "latest",
      "os": "OS X",
      "os_version": "Mavericks"
    },
    {
      "browser": "chrome",
      "browser_version": "latest",
      "os": "OS X",
      "os_version": "Mavericks"
    },
    {
      "browser": "firefox",
      "browser_version": "latest",
      "os": "Windows",
      "os_version": "8.1"
    },
    {
      "browser": "chrome",
      "browser_version": "latest",
      "os": "Windows",
      "os_version": "8.1"
    },
    {
      "browser": "Mobile Safari",
      "os": "ios",
      "os_version": "7.0",
      "device": "iPhone 5S"
    },
    {
      "browser": "ie",
      "browser_version": "11.0",
      "os": "Windows",
      "os_version": "8.1"
    }
  ]
}
